T_max,T_min,L,best_distance,time
6.0,1.0,5.0,2237.669372343602,1.276353359222412
6.0,1.0,10.0,2368.8990850364457,2.6160595417022705
