target_00,target_01,target_02,target_03,target_04,target_05,target_06,target_07,target_08,target_09,target_10,target_11,target_12,target_13,target_14,target_15,target_16,target_17,target_18,target_19
45.236627202284964,55.11915297806263,43.69523372650146,55.215313476674694,10.972790750590237,33.17149346215384,43.766944759770446,26.632103110804703,44.455708704496686,47.62983758449555,42.09371111267492,47.57142897213207,11.709671507279078,36.56516217192014,27.19925388213127,45.05818593502045,31.87897649018661,50.65633971161313,48.10458352830675,34.35079943566095
45.416219382059005,39.25463563745672,57.765959709882736,47.71956388573898,40.11179103170122,51.92624251982745,38.996159024860546,43.75023882729666,40.16399066344552,51.034158796072006,44.847087119754995,2.2025566737628677,45.79260532061259,37.428607982137926,43.59681376956758,40.579878546974875,46.48958256509569,36.491672625144325,44.366470654805504,44.336678573063445
45.22165070261274,45.15548415184021,55.734148025512695,42.76250838149678,49.310497138235306,52.83359159529209,48.10338724984063,55.18618893623352,50.960735391168036,40.92161536216736,43.43856294155121,48.279500034120346,55.567745849490166,53.33024300634861,50.06087680657705,42.03765562602452,49.70280427681772,42.06367580457167,46.63789269924164,47.87688793076409
34.28543332771019,45.33736041613987,47.638741995158945,40.21549471564915,54.30615725119909,1.1313825419189734,52.836290487876305,46.995023476450065,26.274932901064556,68.28381512562434,56.35039274509136,51.78513292165903,54.17048081984887,46.70420091152191,66.98366377903865,84.53165006637573,76.49483575820923,41.05794768983667,26.765098312321832,39.691027780373894
32.50160818099975,52.680171489715576,46.500007782663616,3.033382138427423,45.55691350301107,42.298869709173836,56.376258477568626,47.51525762875875,38.821235600639795,32.425342639287315,31.043775526682534,53.652131761823384,40.125929054461025,44.34388036476938,57.22961975634098,54.76468454996745,2.21090159704397,47.77738030254841,39.901234136687386,48.36594481127603
26.08857267744401,67.3620822940554,49.776961627759434,66.61739187581199,62.53560973916735,75.91918865839641,33.93175154924393,46.10020537376404,63.74035800298055,39.13542921344439,79.03860650459926,61.704128418649944,20.425744381356747,17.08208447582317,40.19665537709775,21.340367141522858,42.29542809440976,32.735945974077495,25.601755689930272,41.27421007837568
